SITE_CODE,SC_NEW,COMMON_NAM,DESIGNATED,ACRES,ADDRESS_LO,THOMAS_BRO,COMMUNITY_,MANAGING_D,COUNCIL_DI,COUNCIL_1,USE_RESTRI,MWWD_WATER,DEDIC_PK_O,SHAPE_AREA,SHAPE_LEN
F601RD,F601RD,ROLLING HILLS PARK    145,NEIGHBORHD PARK,5.74200000,ALMAZON ST S. OF MADRIGAL,1169H7,RANCHO PENASQUITOS,PARK AND RECREATION,1,,MULTIPLE,N,Y,249748.68495600001,2273.67824057000
G408RS,G408RS,TORREY RCH NBRHD PARK,NEIGHBORHD PARK,5.34700000,TORREY MEADOWS DR WLY CAMINO RUIZ,1189A4,TORREY HIGHLANDS,PARK AND RECREATION,1,,NONE,N,N,232882.46505200001,2041.19586339000
G604RD,G604RD,HIGHLAND RANCH PK     111,NEIGHBORHD PARK,4.77000000,HIGHLAND RCH RD/EASTBOURNE,1190A1,CARMEL MTN RANCH,PARK AND RECREATION,5,,SEE L1203 ENTRIES,N,Y,207456.76974700001,1961.96818830000
H214RD,H214RD,CARMEL DEL MAR PARK   190,NEIGHBORHD PARK,12.09300000,CARMEL PARK DR/CYPRESS DEL MAR,1188A7,CARMEL VALLEY,PARK AND RECREATION,1,,DEDIC PK/OS--ORD.,N,Y,543857.30891699996,4777.31541937000
C601RS,C601RS,RHO BERNARDO PK EXPANSION,COMMUNITY PARK,2.49400000,W. BERNARDO RD NLY AGUAMIEL RD,1150A6,SAN PASQUAL VALLEY,PARK AND RECREATION,5,,NONE,N,N,34933.45502890000,969.30319592400
F502R1,F502R1,HILLTOP P&RC          140,COMMUNITY PARK,34.11000000,OVIEDO ST ELY BLK MTN RD,1189E2,RANCHO PENASQUITOS,PARK AND RECREATION,1,,DEDIC PK/OS--ORD.,N,Y,1438118.89835999999,4643.67299042000
F608RD,F608RD,CARMEL MTN RCH POOL,COMMUNITY CENTER,1.35700000,NLY WORLD TRADE DR ELY HIGHLAND RCH,1190A1,CARMEL MTN RANCH,PARK AND RECREATION,5,,DEDIC PK/OS--ORD.,N,Y,59126.86585360000,1063.79583101000
G406RS,G406RS,TORREY DEL MAR NBRD PARK,NEIGHBORHD PARK,3.67700000,TORREY DEL MAR DR ELY/SLY KERRY LN,1188J3,TORREY HIGHLANDS,PARK AND RECREATION,1,,NONE,N,N,160187.33644000001,2104.06885378000
G516RD,G516RD,ADOBE BLUFFS PARK    141,NEIGHBORHD PARK,5.15700000,SLY ADOBE BLUFFS DR/HAMPE CT,1189C2,RANCHO PENASQUITOS,PARK AND RECREATION,1,,DEDIC PK/OS--ORD.,N,Y,224494.38164700000,2082.21137133000
G603RD,G603RD,CARMEL MTN RCH CMTY PK,COMMUNITY PARK,18.30800000,RHO CARMEL DR/N CITY PKWY,1189H3,CARMEL MTN RANCH,PARK AND RECREATION,5,,SEE L1203 ENTRIES,N,Y,803591.33171399997,3653.72141477000
H227RS,H227RS,CARMEL GROVE O/S REN PK,NEIGHBORHD PARK,3.00000000,CARMEL CREEK RD AT CARMEL GROVE,1188A7,CARMEL VALLEY,PARK AND RECREATION,1,,NONE,N,N,121610.43014500001,1430.72580668000
H332RS,H332RS,WINDWOOD MINI-PARK,NEIGHBORHD PARK,1.10300000,CARMEL CREEK RD NLY PASEO MONTANAS,1188B6,CARMEL VALLEY,PARK AND RECREATION,1,,NONE,N,N,51096.08439600000,1045.23241988000
N604RD,N604RD,ROADRUNNER PARK       341,NEIGHBORHD PARK,13.42000000,SANTO RD SLY TIERRA SANTA,1249H2,TIERRASANTA,PARK AND RECREATION,7,,DEDIC PK/OS--ORD.,N,Y,442348.95061000000,3206.49750458000
J603R1,J603R1,FORESTVIEW MINI-PARK  230,NEIGHBORHD PARK,0.35800000,FORESTVIEW LN ELY PINE FALL CT,1209J3,SCRIPPS MIRAMAR RCH,PARK AND RECREATION,5,,DEDIC PK/OS--ORD.,N,Y,14292.33694770000,482.63871156300
H342RS,H342RS,DEL MAR TRAILS PARK,NEIGHBORHD PARK,3.00000000,SLY DEL MAR TRAILS NLY SR,,CARMEL VALLEY,PARK AND RECREATION,1,,NONE,N,N,130666.89542099999,1838.55128589000
H414RS,H414RS,DEL MAR MESA NBHD PARK,NEIGHBORHD PARK,3.71400000,ELY CARMEL MTN RD NLY DUCK POND LN,1188G7,DEL MAR MESA,PARK AND RECREATION,1,,SEE L1203 ENTRIES,N,N,161799.30993100000,1787.32597358000
H501RD,H501RD,TWIN TRAILS PARK      141,NEIGHBORHD PARK,6.70200000,TWIN TRAILS DR NLY CAYOTE AV,1189C4,RANCHO PENASQUITOS,PARK AND RECREATION,1,,DEDIC PK/OS--ORD.,N,Y,291558.85900200001,2440.27352712000
H506RS,H506RS,PENASQUITOS TOWN CTR PK,NEIGHBORHD PARK,1.75700000,PASEO MONTALBAN SLY/ELY SALMON RIVER,1189E4,RANCHO PENASQUITOS,PARK AND RECREATION,1,,NONE,N,N,83145.80528510000,1811.01576962000
H616RD,H616RD,SOUTH CREEK NBHD PARK,NEIGHBORHD PARK,4.63000000,WICKERBAY CV SLY SABER SPRINGS PKWY,1190A6,SABRE SPRINGS,PARK AND RECREATION,5,,DEDIC PK/OS--ORD.,N,Y,201828.25508999999,2249.37380321000
I307RD,I307RD,TORREY HILLS PARK,NEIGHBORHD PARK,15.00000000,CARMEL MTN RD NLY CALLE MEJILLONES,1208B3,TORREY HILLS,PARK AND RECREATION,1,,NONE,N,Y,651699.82626400003,3914.63165677000
I401RD,I401RD,SANDBURG PARK         221,NEIGHBORHD PARK,4.81900000,AVENIDA DEL GATO & ZAPATA AVE,1209B2,MIRA MESA,PARK AND RECREATION,5,,DEDIC PK/OS--ORD.,N,Y,207926.74769500000,1865.91944570000
I401RS,I401RS,SANDBURG PARK         221,NEIGHBORHD PARK,0.01700000,AV. DEL GATO & C ZAPATA,1209B2,MIRA MESA,PARK AND RECREATION,5,,NONE,N,N,619.49280387900,140.43409037300
I402R3,I402R3,PENASQUITOS CREEK NBHD PK,NEIGHBORHD PARK,6.16000000,CAMINO RUIZ & PARK VILLAGE RD,1189A7,MIRA MESA,PARK AND RECREATION,1,,DEDIC PK/OS--ORD.,N,Y,266439.07708500000,2120.83932970000
I501RD,I501RD,MESA VIKING PARK      222,NEIGHBORHD PARK,6.66900000,WESTONHILL DR NLY CAPRICORN,1209C2,MIRA MESA,PARK AND RECREATION,5,,DEDIC PK/OS--ORD.,N,Y,288970.02425199997,2195.08358094000
I508RD,I508RD,WESTVIEW PARK         223,NEIGHBORHD PARK,9.06200000,SW COR CAPRICORN WAY,1209E2,MIRA MESA,PARK AND RECREATION,5,,DEDIC PK/OS--ORD.,N,Y,376617.77752200002,2460.30829522000
I510RS,I510RS,BREEN NEIGHBORHOOD PARK,NEIGHBORHD PARK,9.85000000,POLARIS DR SLY CAPRICORN WY,1209D2,MIRA MESA,PARK AND RECREATION,5,,NONE,N,N,430220.49977499997,2656.57654167000
I608RD,I608RD,SEMILLON MINI-PARK    230,NEIGHBORHD PARK,0.41200000,SEMILLON BL ELY CHARBONO ST,1210B3,SCRIPPS MIRAMAR RCH,PARK AND RECREATION,5,,UNKNOWN,N,Y,18986.54315870000,661.35768088200
I620RD,I620RD,SPRING CANYON NBHD PARK,NEIGHBORHD PARK,18.95000000,SCRIPPS POWAY PKWY WLY SPRING CYN RD,1189H7,MIRAMAR RANCH NORTH,PARK AND RECREATION,5,,DEDIC PK/OS--ORD.,N,Y,822566.85236300004,6027.85756601000
J202RS,J202RS,TORREY PINES PARK,REGIONAL PARK,12.39000000,LA JOLLA FARMS RD WLY,1227H1,LA JOLLA,PARK AND RECREATION,1,,NONE,N,N,541559.72675100004,3438.73657613000
J401RS,J401RS,WINTERWOOD COMMUNITY PARK,COMMUNITY PARK,20.00000000,SLY SORRENTO VLY BLVD ELY I-805,1209A4,MIRA MESA,PARK AND RECREATION,5,,NONE,N,N,882363.31870599999,3990.73072544000
J502RD,J502RD,MESA VERDE PARK       225,NEIGHBORHD PARK,4.99800000,GOLD COAST DR & SALUDA AVE,1209B5,MIRA MESA,PARK AND RECREATION,5,,DEDIC PK/OS--ORD.,N,Y,204071.29223699999,1842.03995372000
C601RD,C601RD,RHO BERNARDO CMTY PK  100,COMMUNITY PARK,35.10000000,W BERNARDO DR SLY POMERADO,1150A6,SAN PASQUAL VALLEY,PARK AND RECREATION,5,,DEDIC PK/OS--ORD.,N,Y,1143099.11015000008,4427.05430161000
J601RD,J601RD,AVIARY PARK,NEIGHBORHD PARK,2.25000000,AVIARY DR SLY ATRIUM DR,1209G5,SCRIPPS MIRAMAR RCH,PARK AND RECREATION,5,,DEDIC PK/OS--ORD.,N,Y,98261.38097250000,1303.72119290000
F411RS,F411RS,BLACK MTN NBHD PARK,NEIGHBORHD PARK,4.37600000,NLY VIA INEZ WLY VIA AZUL,1168J6,BLACK MOUNTAIN RANCH,PARK AND RECREATION,1,,SEE L1203 ENTRIES,N,N,190263.15797900001,2052.65396439000
F504RS,F504RS,BLACK MTN RCH COMM PARK,COMMUNITY PARK,42.94000000,ELY CARMEL VLY RD NLY BLACK MTN RD,1169D7,BLACK MOUNTAIN RANCH,PARK AND RECREATION,1,,SEE L1203 ENTRIES,N,N,1870257.08024000004,5822.85132645000
H339RS,H339RS,CARMEL MISSION PARK,NEIGHBORHD PARK,2.93000000,CARMEL COUNTRY & CARME MISSION RDS,1188B6,CARMEL VALLEY,PARK AND RECREATION,1,,NONE,N,N,127606.49942399999,1590.05122320000
H504RD,H504RD,RIDGEWOOD PARK        131,NEIGHBORHD PARK,8.53000000,NWLY PASEO MONTRIL AT CARBEZON,1189F6,RANCHO PENASQUITOS,PARK AND RECREATION,1,,DEDIC PK/OS--ORD.,N,Y,363025.04013300000,2682.85255624000
H515RS,H515RS,VIEWS WEST PARK      131,NEIGHBORHD PARK,19.74000000,LA TORTOLLA NLY CLLE DELA ROSAS,1189F5,RANCHO PENASQUITOS,PARK AND RECREATION,1,,NONE,N,N,847358.92545099999,4172.83873105000
H601RD,H601RD,SABRE SPRINGS PARK    114,NEIGHBORHD PARK,11.23000000,SABRE SPGS PKWY SE EVENING CRK,1189H5,SABRE SPRINGS,PARK AND RECREATION,5,,DEDIC PK/OS--ORD.,N,Y,511101.28575099999,3649.85371476000
I305RS,I305RS,NEIGHBORHOOD PARK 10,NEIGHBORHD PARK,11.36700000,SELY UNNAMED RD,1208D2,CARMEL VALLEY,PARK AND RECREATION,1,,NONE,N,N,503945.47637799999,3610.37225649000
I402R4,I402R4,CAMINO RUIZ PARK,NEIGHBORHD PARK,11.41000000,CAMINO RUIZ NWLY/NLY CALLE CRISTOBAL,1209B2,MIRA MESA,PARK AND RECREATION,5,,DEDIC PK/OS--ORD.,N,Y,485659.19607499999,4786.45465956000
I402RD,I402RD,CANYONSIDE CMTY PARK  130,COMMUNITY PARK,42.88500000,BLACK MT RD NLY PENASQUITOS CYN,1189E6,RANCHO PENASQUITOS,PARK AND RECREATION,1,,DEDIC PK/OS--ORD.,N,Y,1867109.86844999995,7177.68436709000
H218RD,H218RD,SOLANA HIGHLAND PARK  190,NEIGHBORHD PARK,11.98000000,HIGH BLUFF DR NELY LONG RUN DR,1187J5,CARMEL VALLEY,PARK AND RECREATION,1,,DEDIC PK/OS--ORD.,N,Y,514538.26505099999,5832.41794547000
H219RD,H219RD,CARMEL VLY TWN CTR COM PK,COMMUNITY PARK,18.71900000,EL CAM REAL SLY DEL MAR HTS WY,1188A6,CARMEL VALLEY,PARK AND RECREATION,1,,DEDIC PK/OS--ORD.,N,Y,815647.74389699998,4638.92700277000
H327RD,H327RD,ASHLEY FALLS PARK,NEIGHBORHD PARK,11.69000000,ASHLEY FALLS DR ELY DEL MAR HTS RD,1188D4,CARMEL VALLEY,PARK AND RECREATION,1,,DEDIC PK/OS--ORD.,N,Y,507926.78401700000,3955.56836697000
H329RD,H329RD,CARMEL CREEK NBHD PARK,NEIGHBORHD PARK,11.50000000,CARMEL CTR RD ELY CARMEL CREEK RD,1188B5,CARMEL VALLEY,PARK AND RECREATION,1,,DEDIC PK/OS--ORD.,N,Y,500338.40487299999,3454.93357050000
I622R1,I622R1,CANYON VIEW POCKET PK,NEIGHBORHD PARK,1.49900000,SPRINGS CYN RD WLY CYPRESS CYN RD,1210B2,MIRAMAR RANCH NORTH,PARK AND RECREATION,5,,NONE,N,N,65293.97676280000,1273.65469683000
I622RS,I622RS,SCRIPPS RCH COMMUNITY PK,COMMUNITY PARK,22.21500000,CYPRESS CANYON RD NELY BLUE CYPRESS,1210A1,MIRAMAR RANCH NORTH,PARK AND RECREATION,5,,NONE,N,N,967701.13158499997,5201.53128167000
I702RS,I702RS,CYPRESS CANYON PARK 230,NEIGHBORHD PARK,12.62000000,CYPRESS CYN RD/CYPRESS CYN PK,1210C2,SCRIPPS MIRAMAR RCH,PARK AND RECREATION,5,,NONE,N,N,532554.84842699999,3139.38957215000
J202RD,J202RD,TORREY PINES PARK,REGIONAL PARK,461.99700000,TORREY PINES RD,1207J5,UNIVERSITY,PARK AND RECREATION,1,,DEDIC PK/OS--ORD.,N,Y,19678478.58080000058,42427.91057540000
J401R1,J401R1,LOPEZ RIDGE PARK,NEIGHBORHD PARK,17.87700000,WINTERWOOD LANE WLY END,1208J3,MIRA MESA,PARK AND RECREATION,5,,DEDIC PK/OS--ORD.,N,Y,794683.99286000000,4026.50069379000
J401RD,J401RD,"MCAULIFFE,SHARON""CHRISTA""",COMMUNITY PARK,13.23200000,WINTERWOOD LANE WLY END OF,1209A4,MIRA MESA,PARK AND RECREATION,5,,DEDIC PK/OS--ORD.,N,Y,575935.11926499999,4951.06531209000
J403RD,J403RD,MADDOX PARK           211,NEIGHBORHD PARK,5.00000000,FLANDERS DR. & FLANDERS COVE,1209A5,MIRA MESA,PARK AND RECREATION,5,,UNKNOWN,N,Y,210094.17844900000,1890.06088405000
J501RD,J501RD,MIRA MESA P&RC        220,COMMUNITY PARK,16.94000000,MIRA MESA BLVD & NEW SALEM ST,1209C3,MIRA MESA,PARK AND RECREATION,5,,VOTER RATIF. REQ'D,N,Y,785830.52687099995,3598.54000973000
J505RS,J505RS,CARROLL NEIGHBORHOOD PARK,NEIGHBORHD PARK,10.88000000,NEW SALEM ST SWLY WESTMORE RD,1209C3,MIRA MESA,PARK AND RECREATION,5,,NONE,N,N,485343.90479800000,2744.53496228000
J603RS,J603RS,OVERLOOK PARK,NEIGHBORHD PARK,6.09000000,SCRIPPS RANCH BL SELY/ELY MIRO CIR,1209G2,MIRAMAR RANCH NORTH,PARK AND RECREATION,5,,NONE,N,N,265282.77677699999,3028.19097186000
K301RD,K301RD,"WEISS, MANDELL -EASTGT PK",NEIGHBORHD PARK,8.27000000,EASTGATE MALL & GENESSEE,1228C2,UNIVERSITY,PARK AND RECREATION,1,,DEDIC PK/OS--ORD.,N,Y,424891.43654400000,3276.13191218000
L202RD,L202RD,LA JOLLA SHORES PARK  501,NEIGHBORHD PARK,6.88200000,LA VERDE GRANDE/AV DE LA PLAYA,1227G5,LA JOLLA,PARK AND RECREATION,1,,DEDIC PK/OS--ORD.,N,Y,294766.84511599998,7719.25402308000
L203RD,L203RD,LAUREATE/MATA PARK    501,NEIGHBORHD PARK,0.49600000,AVENIDA DELA PLAYA & EL PASEO,1227H5,LA JOLLA,PARK AND RECREATION,1,,DEDIC PK/OS--ORD.,N,Y,21020.38346400000,612.59260261700
L207RD,L207RD,LA JOLLA ATHL AREA    501,NEIGHBORHD PARK,6.27800000,TRRY PINES RD SLY N TRRY PINES,1227J3,LA JOLLA,PARK AND RECREATION,1,,DEDIC PK/OS--ORD.,N,Y,294786.30651999998,2332.18532129000
L302RD,L302RD,UNIVERSITY VILLAGE PK 472,NEIGHBORHD PARK,4.02000000,CATHER AVE & FLOREY,1228F4,UNIVERSITY,PARK AND RECREATION,1,,DEDIC PK/OS--ORD.,N,Y,174801.09547700000,1675.52179380000
L308RD,L308RD,DOYLE CMTY PARK       480,COMMUNITY PARK,25.78700000,REGENTS RD & BERINO CT,1228C4,UNIVERSITY,PARK AND RECREATION,1,,DEDIC PK/OS--ORD.,N,Y,1146950.18895000010,4669.80182019000
M102RD,M102RD,STARKEY MINI-PARK     505,NEIGHBORHD PARK,1.59000000,GRAVILLA & DRAPER,1247F1,LA JOLLA,PARK AND RECREATION,1,,DEDIC PK/OS--ORD.,N,Y,50872.58757400000,959.33823442700
M106RD,M106RD,UNION PL CR MINI-PARK 500,NEIGHBORHD PARK,0.10000000,PARK ROW & UNION PL,1227F6,LA JOLLA,PARK AND RECREATION,1,,SEE L1203 ENTRIES,N,Y,6569.90750871000,502.99535306100
M116RD,M116RD,WINDANSEA PARK        505,NEIGHBORHD PARK,2.25000000,NEPTUNE PL & BONAIR ST,1247E2,LA JOLLA,PARK AND RECREATION,1,,DEDIC PK/OS--ORD.,N,Y,98193.79282990001,1697.27684920000
M118RS,M118RS,LA JOLLA P&RC         500,COMMUNITY PARK,0.59000000,DRAPER AV SLY KLINE ST,1227E7,LA JOLLA,PARK AND RECREATION,1,,NONE,N,N,24288.55879500000,651.89627888500
M125RS,M125RS,COAST BLVD PARK POR,NEIGHBORHD PARK,0.02000000,COAST BLVD BET OLIVETAS & PROSPECT,1227E7,LA JOLLA,PARK AND RECREATION,1,,SEE L1203 ENTRIES,N,N,202.55849304300,83.83698814490
M305RD,M305RD,GERSHWIN PARK         451,NEIGHBORHD PARK,5.45000000,CONRAD AV & GAYLORD DR,1248D1,CLAIREMONT MESA,PARK AND RECREATION,6,,DEDIC PK/OS--ORD.,N,Y,234748.28921300001,2106.39770456000
M308RD,M308RD,STANDLEY P&RC         470,COMMUNITY PARK,1.07000000,SYRACUSE AVE WLY SYRACUSE WAY,1228D6,UNIVERSITY,PARK AND RECREATION,1,,DEDIC PK/OS--ORD.,N,Y,38668.48529690000,898.12983002200
M401RD,M401RD,MAC DOWELL PARK       441,NEIGHBORHD PARK,3.21000000,ARVINELS AVE & PEYTON PL,1228H7,CLAIREMONT MESA,PARK AND RECREATION,6,,DEDIC PK/OS--ORD.,N,Y,137672.04046100000,1588.58546126000
M408RS,M408RS,HICKMAN FIELD PARK,REGIONAL PARK,46.66900000,I-805 ELY OF & NLY CONVOY CT,1228J7,KEARNY MESA,PARK AND RECREATION,6,,SEE L1203 ENTRIES,N,N,2026072.11764999991,6929.71852303000
M501RD,M501RD,VILLA MONSERATE PARK  342,NEIGHBORHD PARK,6.47000000,ROBUSTO RD & MUCHACHA WY,1229G7,TIERRASANTA,PARK AND RECREATION,7,,DEDIC PK/OS--ORD.,N,Y,282575.15934200003,2245.79429158000
M603RD,M603RD,VILLA NORTE PARK      343,NEIGHBORHD PARK,5.12000000,CLAIREMONT MESA & SANTO NELY,1229J7,TIERRASANTA,PARK AND RECREATION,7,,DEDIC PK/OS--ORD.,N,Y,228123.25926300001,1971.78410034000
N101RD,N101RD,CALUMET PARK          504,NEIGHBORHD PARK,0.70200000,CALUMET AV & COLIMA CT,1247F4,LA JOLLA,PARK AND RECREATION,1,,DEDIC PK/OS--ORD.,N,Y,31675.94053180000,815.83676337800
N102RD,N102RD,HERMOSA TERRACE PARK  505,REGIONAL PARK,1.00000000,PALOMAR AV & NEPTUNE PL,1247E1,LA JOLLA,PARK AND RECREATION,1,,DEDIC PK/OS--ORD.,N,Y,27065.40780050000,932.07871824400
N103RD,N103RD,LA JOLLA HERMOSA PK   504,REGIONAL PARK,0.32200000,CAMINO DE LA COSTA & CHELSEA,1247F3,LA JOLLA,PARK AND RECREATION,1,,DEDIC PK/OS--ORD.,N,Y,15207.70377860000,633.39528669000
N107RD,N107RD,VIA D NORTE MINI-PARK 505,NEIGHBORHD PARK,0.30500000,VIA DEL NORTE & FAY AV SLY,1247F2,LA JOLLA,PARK AND RECREATION,1,,DEDIC PK/OS--ORD.,N,Y,15877.92538650000,634.02282047400
N202RS,N202RS,"SESSIONS, K O MEM PK  512",NEIGHBORHD PARK,0.11500000,PARKVIEW TERRACE WLY BAHIA LN,1248A4,PACIFIC BEACH,PARK AND RECREATION,2,,UNKNOWN,W,N,3704.63069535000,248.74455125300
N214RD,N214RD,TOURMALINE SURFING PK 511,NEIGHBORHD PARK,8.81600000,LA JOLLA BLVD & TOURMALINE ST,1247G5,PACIFIC BEACH,PARK AND RECREATION,1,02,DEDIC PK/OS--ORD.,N,Y,348156.50531199999,8974.53150261000
N216RD,N216RD,BIRD ROCK PARK        504,NEIGHBORHD PARK,0.95100000,VAN NUYS WLY END,1247G4,LA JOLLA,PARK AND RECREATION,2,,DEDIC PK/OS--ORD.,N,Y,40230.18369530000,828.00839296300
N301RD,N301RD,CADMAN P&RC           460,COMMUNITY PARK,8.40500000,MORAGA CT & AVATI DR,1248D3,CLAIREMONT MESA,PARK AND RECREATION,6,,DEDIC PK/OS--ORD.,N,Y,363674.57916000002,3357.72745491000
N303RD,N303RD,MT ETNA PARK          452,NEIGHBORHD PARK,7.18000000,MT ETNA ELY MT HERBERT,1248F2,CLAIREMONT MESA,PARK AND RECREATION,6,,DEDIC PK/OS--ORD.,N,Y,318933.10906400002,2867.63394224000
N404RD,N404RD,MT ACADIA PARK        432,NEIGHBORHD PARK,7.47700000,MT ACADIA NLY MT ARARAT,1248H4,CLAIREMONT MESA,PARK AND RECREATION,6,,DEDIC PK/OS--ORD.,N,Y,332920.77306600002,2340.75711092000
N405RD,N405RD,OLIVE GROVE P&RC      440,COMMUNITY PARK,9.23600000,MT ABERNATHY & PRINTWOOD WY,1248J2,CLAIREMONT MESA,PARK AND RECREATION,6,,DEDIC PK/OS--ORD.,N,Y,399711.70344499999,2517.86410200000
M204RD,M204RD,MARCY PARK            471,NEIGHBORHD PARK,10.96000000,STRESEMANN ST & BRAGG ST,1228B6,UNIVERSITY,PARK AND RECREATION,1,,VOTER RATIF. REQ'D,N,Y,474254.33212500002,3709.22449160000
M309RD,M309RD,STANDLEY P&RC         470,COMMUNITY PARK,20.56500000,GOVERNOR DR & MERCER ST,1228D5,UNIVERSITY,PARK AND RECREATION,1,,DEDIC PK/OS--ORD.,N,Y,863966.15295200003,4932.86599396000
M602RD,M602RD,TIERRASANTA P&RC      340,COMMUNITY PARK,25.87000000,CLMNT MESA BLV & PROMESA CT,1250A1,TIERRASANTA,PARK AND RECREATION,7,,DEDIC PK/OS--ORD.,N,Y,1096383.65277999989,4268.44367225000
N102R2,N102R2,LA JOLLA STRAND PARK  505,NEIGHBORHD PARK,0.90000000,NEPTUNE PL & GRAVILLA,1247E1,LA JOLLA,PARK AND RECREATION,1,,DEDIC PK/OS--ORD.,N,Y,50701.76297850000,2202.20893791000
N102RS,N102RS,HERMOSA TERRACE PARK,REGIONAL PARK,0.08000000,PALOMAR AV & NEPTUNE PL,1247E1,LA JOLLA,PARK AND RECREATION,1,,VOTER RATIF. REQ'D,N,N,16215.65821590000,836.08530335100
N202RD,N202RD,"SESSIONS, K O MEM PK  512",NEIGHBORHD PARK,78.73000000,SOLEDAD ROAD & LORING ST,1248A4,PACIFIC BEACH,PARK AND RECREATION,2,,DEDIC PK/OS--ORD.,N,Y,3507152.53150000004,7829.13691268000
R201RD,R201RD,PT LOMA CMTY PK       550,COMMUNITY PARK,9.74500000,CATALINA CYN ST & VARONA ST,1288A2,PENINSULA,PARK AND RECREATION,2,,DEDIC PK/OS--ORD.,N,Y,447298.50521999999,3743.60485405000
R204RD,R204RD,CABRILLO PK S MINI-PK 550,NEIGHBORHD PARK,0.09100000,LEROY & TRUMBULL STS,1288B2,PENINSULA,PARK AND RECREATION,2,,DEDIC PK/OS--ORD.,N,Y,5062.84622187000,384.39221943500
R402RD,R402RD,BALBOA PARK,REGIONAL PARK,1126.46000000,PARK BLV,1269C7,BALBOA PARK,PARK AND RECREATION,2,03,DEDIC PK/OS--ORD.,N,Y,47457404.73950000107,158549.26197799999
R503R1,R503R1,NONTCLAIR PARK EXPANSION,NEIGHBORHD PARK,0.41300000,MONTCLAIR ST WLY OF & SLY NILE ST,1269F7,GREATER NORTH PARK,PARK AND RECREATION,3,,NONE,N,N,18100.69407560000,540.32755726500
R505RD,R505RD,CITY HTS MINI-PARK    631,NEIGHBORHD PARK,0.32100000,39TH ST NLY QUINCE,1269G7,CITY HEIGHTS,PARK AND RECREATION,3,,DEDIC PK/OS--ORD.,N,Y,14055.19250800000,481.94561640100
R602RD,R602RD,HOLLYWOOD PARK        631,NEIGHBORHD PARK,14.09400000,SUMAC DR OFF FAIRMONT AV,1269H7,CITY HEIGHTS,PARK AND RECREATION,3,,DEDIC PK/OS--ORD.,N,Y,624599.43084199994,7082.64852127000
R603RD,R603RD,OAK PARK              622,NEIGHBORHD PARK,3.46000000,MAPLE ST & NUTMEG ST,1270A7,EASTERN AREAS,PARK AND RECREATION,4,,DEDIC PK/OS--ORD.,N,Y,151975.83047300001,1560.60121918000
R605RD,R605RD,CHOLLAS P&RC          620,COMMUNITY PARK,150.44800000,NWLY COLL GRV DR & COLL GRV WY,1270D6,EASTERN AREAS,PARK AND RECREATION,4,,DEDIC PK/OS--ORD.,N,Y,6602702.39042999968,15325.02775990000
R614RD,R614RD,SUNSHINE BERARDINI FIELD,NEIGHBORHD PARK,33.49500000,I-805 SELY & NLY FEDERAL BL,1289H2,CITY HEIGHTS,PARK AND RECREATION,4,,DEDIC PK/OS--ORD.,N,Y,1437640.65461000009,6606.40027015000
R645RD,R645RD,SUNSHINE BERARDINI FIELD,NEIGHBORHD PARK,0.94800000,FAIRMOUNT AV NELY OF/ELY REDGE VIEW,1289J1,CITY HEIGHTS,PARK AND RECREATION,4,,DEDIC PK/OS--ORD.,N,Y,33540.79443960000,856.70458878500
S201RD,S201RD,SUNSET CLIFFS PARK    552,REGIONAL PARK,51.34000000,LADERA & CORDOBA,1287H3,PENINSULA,PARK AND RECREATION,2,,DEDIC PK/OS--ORD.,N,Y,2303812.15430000005,10515.74590100000
S405RD,S405RD,HORTON PLAZA          583,NEIGHBORHD PARK,0.49200000,BROADWAY BTWN B'DWAY CR & 4 AV,1289A3,CENTRE CITY,PARK AND RECREATION,2,,DEDIC PK/OS--ORD.,N,Y,19830.84236700000,600.14864842100
S406RD,S406RD,PANTOJA PARK          583,NEIGHBORHD PARK,2.13100000,"INDIA ST & ""F"" ST",1289A3,CENTRE CITY,PARK AND RECREATION,2,,DEDIC PK/OS--ORD.,N,Y,93584.42715680000,1229.39246920000
S425RS,S425RS,DAVIS HOUSE MINI-PARK 583,NEIGHBORHD PARK,0.11500000,ISLAND & FOURTH,1289A4,CENTRE CITY,PARK AND RECREATION,2,,NONE,N,N,5164.53536718000,307.15276103500
S432RS,S432RS,KING PROMENADE O-P,NEIGHBORHD PARK,0.44800000,BTWN COLUMBIA & UNION ST NELY HARBOR,1289A4,CENTRE CITY,PARK AND RECREATION,2,,NONE,N,N,22596.07113980000,1333.12770772000
S433R1,S433R1,MARINA LINEAR PK ESMT,NEIGHBORHD PARK,0.17900000,J ST & 1ST AV,1289A4,CENTRE CITY,PARK AND RECREATION,2,,SEE L1203 ENTRIES,N,N,10563.49132720000,522.06592963400
S433RS,S433RS,MARINA LINEAR PARK,NEIGHBORHD PARK,0.42000000,S.D.& A.E.RY NELY OF & BTWN 1 & 3RD,1289A4,CENTRE CITY,PARK AND RECREATION,2,,NONE,N,N,14469.09233380000,1223.00074978000
S504R1,S504R1,MEMORIAL P&RC         650,COMMUNITY PARK,14.92800000,MARCY AV & 30TH ST NWLY,1289E5,SOUTHEASTERN SAN DIEGO,PARK AND RECREATION,8,,DEDIC PK/OS--ORD.,N,Y,577505.71833599999,3741.20854785000
S504RD,S504RD,MEMORIAL P&RC         650,COMMUNITY PARK,3.11200000,30TH ST & OCEANVIEW BLV SWLY,1289E5,SOUTHEASTERN SAN DIEGO,PARK AND RECREATION,8,,DEDIC PK/OS--ORD.,N,Y,205555.03270099999,1886.10377628000
N303R1,N303R1,N CLAIREMONT P&RC  450,COMMUNITY PARK,14.76000000,GENESEE AVE/BANNOCK,1248F1,CLAIREMONT MESA,PARK AND RECREATION,6,,DEDIC PK/OS--ORD.,N,Y,631519.46764499997,3613.76873116000
N402RD,N402RD,LINDBERGH PARK        433,NEIGHBORHD PARK,7.92200000,MARLESTA & ASHFORD STS,1249A3,CLAIREMONT MESA,PARK AND RECREATION,6,,DEDIC PK/OS--ORD.,N,Y,347654.47216100001,3136.53144748000
N502RD,N502RD,SERRA MESA P&RC       390,COMMUNITY PARK,20.02400000,VILLAGE GLEN DR & GLENCOLUM DR,1249D4,SERRA MESA,PARK AND RECREATION,6,,DEDIC PK/OS--ORD.,N,Y,858599.79980000004,5907.33088070000
O203RD,O203RD,PACIFIC BEACH P&RC    510,COMMUNITY PARK,1.64400000,GRESHAM ST & DIAMOND ST,1247J5,PACIFIC BEACH,PARK AND RECREATION,2,,DEDIC PK/OS--ORD.,N,Y,72411.41774370000,1078.66917571000
O211RD,O211RD,PACIFIC BEACH PARK    511,NEIGHBORHD PARK,2.47900000,FELSPAR WLY END OF,1247H6,PACIFIC BEACH,PARK AND RECREATION,2,,UNKNOWN,N,Y,106057.96640999999,1432.74701429000
O304RD,O304RD,WESTERN HILLS PARK    421,NEIGHBORHD PARK,12.77000000,KANE ST & GARFIELD RD,1248F7,CLAIREMONT MESA,PARK AND RECREATION,6,,DEDIC PK/OS--ORD.,N,Y,558580.30791500001,3267.49398132000
Q604RD,Q604RD,CITY HTS CMTY PARK    630,COMMUNITY PARK,6.42300000,LANDIS ST BTWN 44TH & HIGHLAND,1269H5,CITY HEIGHTS,PARK AND RECREATION,3,,DEDIC PK/OS--ORD.,N,Y,279306.60794299998,2131.30760759000
Q644RS,Q644RS,CITY HTS PK/44TH ST VAC,COMMUNITY PARK,0.82400000,FAIRMOUNT ELY/BTWN LANDIS 7 WIGHTMAN,1269H5,CITY HEIGHTS,PARK AND RECREATION,3,,NONE,N,N,36210.97928920000,1325.41273899000
Q645RD,Q645RD,CITY HTS COMMUNITY PARK,COMMUNITY PARK,0.49600000,"WIGHTMAN & HIGHLAND, SE CORNER",1269H5,CITY HEIGHTS,PARK AND RECREATION,3,,DEDIC PK/OS--ORD.,N,Y,21334.40756460000,843.43521588900
Q647RD,Q647RD,CITY HTS COMMUNITY PARK,COMMUNITY PARK,0.28000000,WIGHTMAN ST ELY 44TH ST,1269H5,CITY HEIGHTS,PARK AND RECREATION,3,,DEDIC PK/OS--ORD.,N,Y,11873.56304760000,678.52956398900
Q703RD,Q703RD,CLAY PARK             615,NEIGHBORHD PARK,2.20800000,SEMINOLE DR AT ART ST SLY,1270D3,EASTERN AREAS,PARK AND RECREATION,7,,DEDIC PK/OS--ORD.,N,Y,85526.47860490000,1321.87760761000
R201RS,R201RS,PT LOMA CMTY PK      550,COMMUNITY PARK,0.29000000,CATALINA AVE/SAVOY ST,1288A2,PENINSULA,PARK AND RECREATION,2,,NONE,N,N,9465.80992079000,393.60353255200
R203RD,R203RD,CABRILLO N MINI-PARK  550,NEIGHBORHD PARK,0.22600000,CANON & EVERGREEN SWLY,1288B2,PENINSULA,PARK AND RECREATION,2,,DEDIC PK/OS--ORD.,N,Y,9902.09103793000,529.44775447400
R205RD,R205RD,SUNSET CLIFFS PARK    553,REGIONAL PARK,15.92000000,SUNSET CLIFFS BLV,1267H7,PENINSULA,PARK AND RECREATION,2,,DEDIC PK/OS--ORD.,N,Y,619460.51404699998,14051.79072460000
R301RS,R301RS,NTC PARK PROPERTY,REGIONAL PARK,49.12600000,ROSECRANS SELY/NWLY HARBOR DR,1268D7,PENINSULA,PARK AND RECREATION,2,,SEE L1203 ENTRIES,N,N,2182740.65695000021,11903.52775960000
N704RD,N704RD,DAILARD NBHD PARK     372,NEIGHBORHD PARK,5.10000000,CIBOLA DR SLY LAURELRIDGE RD,1250D4,NAVAJO,PARK AND RECREATION,7,,DEDIC PK/OS--ORD.,N,Y,200494.96471500001,1967.00626527000
N706RD,N706RD,TUXEDO PARK           373,NEIGHBORHD PARK,9.37300000,TUXEDO RD WLY ROWENA,1250E4,NAVAJO,PARK AND RECREATION,7,,DEDIC PK/OS--ORD.,N,Y,439105.10629199998,3522.10047607000
O303RD,O303RD,CLAIREMONT P&RC       420,COMMUNITY PARK,10.00700000,CLAIREMONT DR & RAPPAHANNCOCK,1248E5,CLAIREMONT MESA,PARK AND RECREATION,6,,DEDIC PK/OS--ORD.,N,Y,426011.96668100002,2827.76021904000
Q644RD,Q644RD,CITY HTS CMTY PARK,COMMUNITY PARK,2.48000000,44TH ST ELY FAIRMOUNT NLY LANDIS,1269H5,CITY HEIGHTS,PARK AND RECREATION,3,,DEDIC PK/OS--ORD.,N,Y,100598.27561200000,2148.17033949000
J603RD,J603RD,LAKEVIEW NBHD PARK    230,NEIGHBORHD PARK,12.77400000,LAKECREST PT NLY OF,1209J3,SCRIPPS MIRAMAR RCH,PARK AND RECREATION,5,,UNKNOWN,N,Y,574867.73496000003,3533.09589625000
J618RD,J618RD,JERABEK PARK          230,NEIGHBORHD PARK,9.72000000,AVENIDA MAGNIFICA NLY NEGLEY,1210A4,SCRIPPS MIRAMAR RCH,PARK AND RECREATION,5,,DEDIC PK/OS--ORD.,N,Y,421788.61477400002,2980.01314267000
L101RD,L101RD,"SCRIPPS, ELLEN B PK   500",NEIGHBORHD PARK,5.60000000,COAST BLVD AT GIRARD,1227E6,LA JOLLA,PARK AND RECREATION,1,,DEDIC PK/OS--ORD.,N,Y,229208.09054400001,2641.20247715000
L201RD,L201RD,CLIFFRIDGE PARK       502,NEIGHBORHD PARK,11.19000000,TORREY PINES RD SLY SCNIC PL,1227J5,LA JOLLA,PARK AND RECREATION,1,,DEDIC PK/OS--ORD.,N,Y,467055.73318699998,2897.47819249000
L205RD,L205RD,VILLA LA JOLLA PARK   481,NEIGHBORHD PARK,5.60000000,VIA MALLORCA & VIA MARIN,1228A4,UNIVERSITY,PARK AND RECREATION,1,,DEDIC PK/OS--ORD.,N,Y,252296.69075400001,2049.12082100000
L219RD,L219RD,KELLOG PARK,NEIGHBORHD PARK,7.89600000,BTWN LA VEREDA & CM DEL ORO,1227G5,LA JOLLA,PARK AND RECREATION,1,,DEDIC PK/OS--ORD.,N,Y,349562.91982499999,3601.18368003000
L303RS,L303RS,NOBEL ATHLETIC AREA  483,COMMUNITY PARK,28.03400000,I805 & LJ VILLAGE DR SWLY OF,1228E3,UNIVERSITY,PARK AND RECREATION,1,,NONE,N,N,1407187.76726000011,5507.14137333000
L307RD,L307RD,UNIVERSITY GARDEN PK  473,NEIGHBORHD PARK,13.69400000,GOVERNOR DR & GULLSTRAND,1228E5,UNIVERSITY,PARK AND RECREATION,1,,DEDIC PK/OS--ORD.,N,Y,580274.79558999999,2907.62334399000
M105RD,M105RD,LA JOLLA P&RC         500,COMMUNITY PARK,3.39300000,PROSPECT ST & DRAPER AV,1227E7,LA JOLLA,PARK AND RECREATION,1,,DEDIC PK/OS--ORD.,N,Y,146108.84894600001,1781.31155301000
M111RD,M111RD,WINDANSEA PARK        505,NEIGHBORHD PARK,1.47800000,FERN GLEN AV & NEPTUNE PL,1247E1,LA JOLLA,PARK AND RECREATION,1,,DEDIC PK/OS--ORD.,N,Y,58080.80260760000,1810.42669346000
M117RD,M117RD,NICHOLSON'S POINT     500,NEIGHBORHD PARK,0.46400000,OCEAN FRONT WLY COAST BLVD,1227E7,LA JOLLA,PARK AND RECREATION,1,,DEDIC PK/OS--ORD.,N,Y,22210.36670870000,1572.75594780000
O802RD,O802RD,SAN CARLOS P&RC       360,COMMUNITY PARK,10.15300000,LAKE ADLON DR & LAKE BADIN AV,1250H5,NAVAJO,PARK AND RECREATION,7,,DEDIC PK/OS--ORD.,N,Y,426399.66777599999,2651.79391333000
P201R2,P201R2,CAMPLAND PARK 522,REGIONAL PARK,16.77000000,SWLY PACIFIC BCH DR & OLNEY ST,1248B6,MISSION BAY PARK,PARK AND RECREATION,2,,DEDIC PK/OS--ORD.,N,Y,933256.89946300001,5343.43949160000
P201R3,P201R3,OCEAN BEACH PARK      540,REGIONAL PARK,1.45000000,SPRAY ST & W PT LOMA,1267J5,OCEAN BEACH,PARK AND RECREATION,2,,DEDIC PK/OS--ORD.,N,Y,65718.06225839999,1080.32794109000
P201R9,P201R9,MISSION BEACH PARK    530,REGIONAL PARK,56.06900000,MISSION BLVD SLY SANTA RITA,1247H7,MISSION BEACH,PARK AND RECREATION,2,,DEDIC PK/OS--ORD.,N,Y,2168540.67193999980,26611.76749530000
P201RD,P201RD,MISSION BAY PARK,REGIONAL PARK,4233.31300000,MISSION BAY,1268B3,MISSION BAY PARK,PARK AND RECREATION,2,06,DEDIC PK/OS--ORD.,N,Y,178961064.11100000143,124527.65812199999
P302RD,P302RD,TECOLOTE P&RC         410,COMMUNITY PARK,18.27700000,TECOLOTE RD NLY MORENA,1268G1,LINDA VISTA,PARK AND RECREATION,6,,DEDIC PK/OS--ORD.,N,Y,784256.53468000004,5536.02616058000
P402RD,P402RD,KELLY STREET PARK     403,NEIGHBORHD PARK,16.87000000,KELLY ST & JACOBS,1268H1,LINDA VISTA,PARK AND RECREATION,6,,MULTIPLE,N,Y,740594.15594800003,4079.64190114000
S742RD,S742RD,BOONE NBHD PARK       491,NEIGHBORHD PARK,4.69400000,BULLOCK DR WLY DEEP DELL RD,1290G5,SKYLINE-PARADISE HLS,PARK AND RECREATION,4,,DEDIC PK/OS--ORD.,N,Y,192051.84575099999,1777.11703940000
S802RD,S802RD,SKYLINE P&RC          690,COMMUNITY PARK,10.50800000,SKYLINE DR AT SUNNYSIDE,1290H4,SKYLINE-PARADISE HLS,PARK AND RECREATION,4,,DEDIC PK/OS--ORD.,N,Y,440385.66445799998,2718.14566843000
T538RS,T538RS,FATHER BROCKHAUS PK ACCES,NEIGHBORHD PARK,0.11800000,SILK TERRACE SLY/SLY ACACIA & 36TH,1289G6,SOUTHEASTERN SAN DIEGO,PARK AND RECREATION,8,,NONE,N,N,5148.74917179000,323.33745397800
U719RD,U719RD,PARKSIDE PARK         712,NEIGHBORHD PARK,5.48000000,PARKSIDE AV SLY LANDSCAPE,1310E2,SKYLINE-PARADISE HLS,PARK AND RECREATION,4,,DEDIC PK/OS--ORD.,N,Y,239469.98321999999,2338.15325178000
T703RD,T703RD,PARADISE HILLS P&RC   710,COMMUNITY PARK,40.84300000,PARADISE VALLEY RD WLY POTOMAC,1290E6,SKYLINE-PARADISE HLS,PARK AND RECREATION,4,,DEDIC PK/OS--ORD.,N,Y,1947589.76222999999,9597.08570541000
Y603RD,Y603RD,MONTGMRY-WALLER P&RC  720,COMMUNITY PARK,59.18000000,BEYER & PALM AVE,1330D7,OTAY MESA-NESTOR,PARK AND RECREATION,8,,SEE L1203 ENTRIES,N,Y,2564442.19772000005,6695.89095528000
Y703RD,Y703RD,PALM RIDGE PARK       721,NEIGHBORHD PARK,8.15600000,PALM AVE & FIRETHORN,1330G7,OTAY MESA-NESTOR,PARK AND RECREATION,8,,DEDIC PK/OS--ORD.,N,Y,355180.75404299999,2336.69459978000
S507RD,S507RD,30TH ST MINI-PARK     652,NEIGHBORHD PARK,0.23000000,ISLAND AVE ELY 30TH ST,1289E3,SOUTHEASTERN SAN DIEGO,PARK AND RECREATION,8,,DEDIC PK/OS--ORD.,N,Y,9953.28971347000,504.26282594800
S508RD,S508RD,SHERMAN LTL MINI-PARK 652,NEIGHBORHD PARK,0.11500000,22ND ST & ISLAND,1289C4,SOUTHEASTERN SAN DIEGO,PARK AND RECREATION,8,,DEDIC PK/OS--ORD.,N,Y,5096.43301470000,303.54007245300
S510RD,S510RD,CHICANO PARK          651,NEIGHBORHD PARK,0.17800000,LOGAN AVE & DEWEY ST,1289C5,BARRIO LOGAN,PARK AND RECREATION,8,,DEDIC PK/OS--ORD.,N,Y,6896.04926762000,439.83477724500
S545RD,S545RD,MOUNTAIN VIEW PARK    661,NEIGHBORHD PARK,6.38700000,40TH ST & OCEANVIEW BLV,1289H5,SOUTHEASTERN SAN DIEGO,PARK AND RECREATION,4,,DEDIC PK/OS--ORD.,N,Y,288411.47087199998,2344.90124586000
S546RD,S546RD,MOUNTAIN VIEW PARK    661,NEIGHBORHD PARK,0.32100000,40TH & FRANKLIN,1289H4,SOUTHEASTERN SAN DIEGO,PARK AND RECREATION,4,,DEDIC PK/OS--ORD.,N,Y,21517.96818200000,597.47432146800
S560RD,S560RD,CLAY AVE MINI-PARK    650,NEIGHBORHD PARK,0.16100000,CLAY AV ELY 31ST ST,1289E4,SOUTHEASTERN SAN DIEGO,PARK AND RECREATION,8,,DEDIC PK/OS--ORD.,N,Y,7158.46572405000,381.00290038500
S566RD,S566RD,SENIOR CITIZENS CENTER,COMMUNITY CENTER,0.48900000,LOGAN AV & CROSBY ST NW COR,1289C4,BARRIO LOGAN,PARK AND RECREATION,8,,DEDIC PK/OS--ORD.,N,Y,21277.82061920000,701.97901646000
S568RD,S568RD,J ST MINI-PARK        652,NEIGHBORHD PARK,0.21500000,J ST WLY 33RD ST,1289F4,SOUTHEASTERN SAN DIEGO,PARK AND RECREATION,8,,DEDIC PK/OS--ORD.,N,Y,9572.37710415000,402.02780407900
S572RD,S572RD,L ST MINI-PARK        652,NEIGHBORHD PARK,0.15300000,L ST & 28TH SE COR,1289D4,SOUTHEASTERN SAN DIEGO,PARK AND RECREATION,8,,DEDIC PK/OS--ORD.,N,Y,6588.16052627000,374.37445207000
S592RD,S592RD,MOUNTAIN VIEW PARK,NEIGHBORHD PARK,0.09300000,40TH & FRANKLIN,1289H4,SOUTHEASTERN SAN DIEGO,PARK AND RECREATION,4,,DEDIC PK/OS--ORD.,N,Y,9120.29624295000,482.31569184300
S603RD,S603RD,GOMPERS PARK          663,NEIGHBORHD PARK,4.82000000,HILLTOP DR & CAROLINA,1290A3,ENCANTO,PARK AND RECREATION,4,,DEDIC PK/OS--ORD.,N,Y,206229.97985199999,1927.58517829000
S624RD,S624RD,MOUNTAIN VIEW PARK,NEIGHBORHD PARK,3.80600000,BOUNDARY/T STS/SLY HEMLOCK,1289H5,SOUTHEASTERN SAN DIEGO,PARK AND RECREATION,4,,DEDIC PK/OS--ORD.,N,Y,178867.52061499999,1783.86256135000
S701RD,S701RD,ENCANTO P&RC          670,COMMUNITY PARK,5.00000000,BROADWAY & 65TH ST,1290D3,ENCANTO,PARK AND RECREATION,4,,DEDIC PK/OS--ORD.,N,Y,218956.77282300001,2068.55780562000
S703RD,S703RD,ENCANTO P&RC          670,COMMUNITY PARK,3.08000000,KLAUBER AVE AT WREN ST,1290D2,ENCANTO,PARK AND RECREATION,4,,DEDIC PK/OS--ORD.,N,Y,132322.56313100000,1439.08429320000
S705RD,S705RD,LOMITA PARK           693,NEIGHBORHD PARK,4.14500000,LEUCADIA AVE AT NORM ST,1290H3,SKYLINE-PARADISE HLS,PARK AND RECREATION,4,,DEDIC PK/OS--ORD.,N,Y,180394.49149600000,1920.92474093000
S707RD,S707RD,ENCANTO P&RC          670,COMMUNITY PARK,0.77000000,WUNDERLIN AVE ELY 65TH ST,1290D3,ENCANTO,PARK AND RECREATION,4,,DEDIC PK/OS--ORD.,N,Y,35171.49342570000,852.06845176400
S714RD,S714RD,"WIDMAN, MARIE MEMRL PK681",NEIGHBORHD PARK,1.17000000,IMPERIAL AV & RITCHEY ST,1290E3,SKYLINE-PARADISE HLS,PARK AND RECREATION,4,,DEDIC PK/OS--ORD.,N,Y,51178.67245330000,1268.43652758000
R422RS,R422RS,AMICCI PARK,NEIGHBORHD PARK,1.54000000,DATE ST NLY OF/ELY 15,1289A2,CENTRE CITY,PARK AND RECREATION,2,,SEE L1203 ENTRIES,N,N,66449.19084010000,1441.18971271000
R502RD,R502RD,AZALEA PARK           631,NEIGHBORHD PARK,2.95200000,PEPPER DR & POPLAR ST,1269G7,CITY HEIGHTS,PARK AND RECREATION,3,,SEE L1203 ENTRIES,N,Y,139169.40722200001,1463.78110810000
R502RS,R502RS,AZALEA PARK           631,NEIGHBORHD PARK,5.37300000,PEPPER DR & POPLAR ST,1269G7,CITY HEIGHTS,PARK AND RECREATION,3,,UNKNOWN,N,N,245422.73307900000,4406.35765292000
R604RD,R604RD,EMERALD HILLS PARK    671,NEIGHBORHD PARK,9.57100000,KELTON RD AND BETHUNE CT,1290C2,ENCANTO,PARK AND RECREATION,4,,DEDIC PK/OS--ORD.,N,Y,421112.96886199998,3512.70572527000
S744RS,S744RS,ENCANTO PARK EXPANSION,NEIGHBORHD PARK,0.09000000,DRAKE ST SLY IMPERIAL,1290E3,SKYLINE-PARADISE HLS,PARK AND RECREATION,4,,NONE,N,N,3544.59633707000,335.42032949900
R503RD,R503RD,MONTCLAIR PARK        642,NEIGHBORHD PARK,4.81200000,NILE ST & QUINCE ST,1269F7,GREATER NORTH PARK,PARK AND RECREATION,3,,DEDIC PK/OS--ORD.,N,Y,214119.29009400000,6434.76914914000
R503RS,R503RS,MONTCLAIR PARK        642,NEIGHBORHD PARK,2.43300000,NILE & QUINCE,1269F7,GREATER NORTH PARK,PARK AND RECREATION,3,,DEDICATED STREET,N,N,166197.10918500001,5158.69998772000
R643RD,R643RD,SUNSHINE BERARDINI FIELD,NEIGHBORHD PARK,0.01600000,FAIRMOUNT AV & 47TH ST,1289J1,CITY HEIGHTS,PARK AND RECREATION,4,,DEDIC PK/OS--ORD.,N,Y,741.63576669200,123.28775824700
R644RD,R644RD,SUNSHINE BERARDINI FIELD,NEIGHBORHD PARK,5.85700000,FAIRMOUNT AV NELY OF/ELY RIDGE VIEW,1289J1,CITY HEIGHTS,PARK AND RECREATION,4,,DEDIC PK/OS--ORD.,N,Y,253394.79930399999,2715.15618425000
S438RS,S438RS,MARINA LINEAR PARK,NEIGHBORHD PARK,0.13100000,"L ST SELY; WLY 6TH AV",1289A4,CENTRE CITY,PARK AND RECREATION,2,,NONE,N,N,5441.21043013000,429.47104873800
S505RD,S505RD,GRANT HILL PARK       652,NEIGHBORHD PARK,2.66000000,"26TH ST & ""J"" ST",1289D4,SOUTHEASTERN SAN DIEGO,PARK AND RECREATION,8,,DEDIC PK/OS--ORD.,N,Y,115349.02529300000,1592.37959762000
S509RS,S509RS,CHICANO PARK          651,NEIGHBORHD PARK,0.36000000,NATIONAL AV & W I-5,1289C5,BARRIO LOGAN,PARK AND RECREATION,8,,SEE L1203 ENTRIES,N,N,15513.89760780000,496.97427278000
S547RD,S547RD,MOUNTAIN VIEW PARK    661,NEIGHBORHD PARK,3.35200000,OCEAN VIEW BLV & 40TH ST,1289H5,SOUTHEASTERN SAN DIEGO,PARK AND RECREATION,4,,DEDIC PK/OS--ORD.,N,Y,130158.03195500000,1792.46981288000
S590RD,S590RD,"ALLEN, DENNIS V. PK 663",NEIGHBORHD PARK,5.63000000,NWLY MARKET ST & 39TH ST,1289G3,SOUTHEASTERN SAN DIEGO,PARK AND RECREATION,4,,DEDIC PK/OS--ORD.,N,Y,245264.69270799999,2393.56895176000
S629RD,S629RD,"KENNEDY, JOHN F PARK  664",NEIGHBORHD PARK,4.08300000,OCEANVIEW BLVD & GLORIA SWLY,1290A5,ENCANTO,PARK AND RECREATION,4,,DEDIC PK/OS--ORD.,N,Y,180490.06677100001,1804.27946971000
S702RD,S702RD,MARTIN L KING P&RC  680,COMMUNITY PARK,34.28100000,SKYLINE DR WLY 65TH ST,1290D5,ENCANTO,PARK AND RECREATION,4,,DEDIC PK/OS--ORD.,N,Y,1505737.85122000007,5255.13224714000
S704RD,S704RD,KEILLER PARK          692,NEIGHBORHD PARK,5.77000000,LISBON ST AT WOODROW,1290F3,SKYLINE-PARADISE HLS,PARK AND RECREATION,4,,DEDIC PK/OS--ORD.,N,Y,247056.56925700000,2448.53097563000
S706RD,S706RD,SKYVIEW PARK          691,NEIGHBORHD PARK,4.88400000,SKYLINE DR & SYCHAR,1290F4,SKYLINE-PARADISE HLS,PARK AND RECREATION,4,,DEDIC PK/OS--ORD.,N,Y,238707.73910400001,1996.18654634000
S734RS,S734RS,ENCANTO PARK          681,NEIGHBORHD PARK,1.90700000,IMPERIAL & DRAKE,1290E3,SKYLINE-PARADISE HLS,PARK AND RECREATION,4,,SEE L1203 ENTRIES,N,N,82188.85472150000,1126.96997540000
S736RS,S736RS,ENCANTO PARK          681,NEIGHBORHD PARK,1.80100000,IMPERIAL AV & DRAKE SE COR,1290E3,SKYLINE-PARADISE HLS,PARK AND RECREATION,4,,UNKNOWN,N,N,81451.76062370000,1297.62918300000
T501RD,T501RD,SOUTHCREST P&RC       660,COMMUNITY PARK,17.19900000,40TH & Z ELY,1289H6,SOUTHEASTERN SAN DIEGO,PARK AND RECREATION,8,,DEDIC PK/OS--ORD.,N,Y,761899.37432800001,5200.54450959000
T527RD,T527RD,41ST ST MINI-PARK     660,NEIGHBORHD PARK,0.16100000,41ST & GAMMA SE COR,1289H7,SOUTHEASTERN SAN DIEGO,PARK AND RECREATION,8,,DEDIC PK/OS--ORD.,N,Y,7002.70784041000,380.12062594500
T536RS,T536RS,FATHER BROCKHAUS PARK,NEIGHBORHD PARK,2.72000000,I5 NELY OF/SELY RIGEL ST,1289G6,SOUTHEASTERN SAN DIEGO,PARK AND RECREATION,8,,SEE L1203 ENTRIES,N,N,118595.30487399999,1919.49079684000
T601RD,T601RD,HENDERSON SPORT CPLX D434,NEIGHBORHD PARK,16.62000000,45TH ST & BOSTON,1289J6,SOUTHEASTERN SAN DIEGO,PARK AND RECREATION,4,,DEDIC PK/OS--ORD.,N,Y,736558.80101199995,3918.94436426000
T707RD,T707RD,BAY TERRACES P&RC     700,COMMUNITY PARK,12.08900000,CASEY ST ELY APPIAN DR,1290G7,SKYLINE-PARADISE HLS,PARK AND RECREATION,4,,DEDIC PK/OS--ORD.,N,Y,524351.50553099997,3036.25908703000
Y602RD,Y602RD,EGGER-SOUTH BAY P&RC  730,COMMUNITY PARK,8.97000000,CORONADO AVE & SATURN BL,1350A1,OTAY MESA-NESTOR,PARK AND RECREATION,8,,DEDIC PK/OS--ORD.,N,Y,386631.30383300001,2479.60077121000
Y605RD,Y605RD,BERRY PARK            733,NEIGHBORHD PARK,3.76000000,LEON AVE ELY SATURN BL,1350A2,OTAY MESA-NESTOR,PARK AND RECREATION,8,,DEDIC PK/OS--ORD.,N,Y,160792.84681799999,1756.84624803000
Y606RD,Y606RD,SUNNYSLOPE PARK       724,NEIGHBORHD PARK,4.17000000,PALM WLY DESTY ST,1330C7,OTAY MESA-NESTOR,PARK AND RECREATION,8,,DEDIC PK/OS--ORD.,N,Y,184462.18254400001,1782.90836474000
Y613RD,Y613RD,NESTOR PARK           732,NEIGHBORHD PARK,5.04000000,GROVE AVE WLY I-5,1350B1,OTAY MESA-NESTOR,PARK AND RECREATION,8,,DEDIC PK/OS--ORD.,N,Y,217263.88212400000,2415.87481968000
Y702RD,Y702RD,SILVERWING PARK       722,NEIGHBORHD PARK,12.99000000,AREY DR SWLY DARWIN,1330F7,OTAY MESA-NESTOR,PARK AND RECREATION,8,,DEDIC PK/OS--ORD.,N,Y,567368.75596099999,3026.97694686000
Y704RD,Y704RD,HOWARD LANE PARK      741,NEIGHBORHD PARK,6.60000000,DAIRYMART RD SLY BEYER RD,1350D2,SAN YSIDRO,PARK AND RECREATION,8,,DEDIC PK/OS--ORD.,N,Y,294784.04528399999,2294.78462600000
Y716RS,Y716RS,OCEAN HILLS NBHD PK #1,NEIGHBORHD PARK,5.10000000,OCEAN VIEW HILLS PKWY ELY LYNDHURST,1330J7,OTAY MESA,PARK AND RECREATION,8,,NONE,N,N,222698.87015300000,2026.55879322000
Y806RS,Y806RS,VISTA PACIFICA PARK,NEIGHBORHD PARK,6.87000000,VISTA SAN IGNACIO/AVE DE LAS VISTAS,1331B7,OTAY MESA,PARK AND RECREATION,8,,SEE L1203 ENTRIES,N,N,299359.61321099999,2337.48879565000
Z704RD,Z704RD,VISTA TERRACE PARK    742,NEIGHBORHD PARK,8.00100000,ATHEY AV WLY SMYTHE,1350F2,SAN YSIDRO,PARK AND RECREATION,8,,DEDIC PK/OS--ORD.,N,Y,354676.49703099998,3343.62952211000
Z705RD,Z705RD,SAN YSIDRO P&RC       740,COMMUNITY PARK,3.19500000,WEST PARK & SAN YSIDRO BLV,1350G4,SAN YSIDRO,PARK AND RECREATION,8,,MULTIPLE,N,Y,125410.34506900000,3602.27824340000
Z725RD,Z725RD,SAN YSIDRO BOYS CLUB  741,COMMUNITY CENTER,1.45000000,BLANDO LN WLY DIZA RD,1350F2,SAN YSIDRO,PARK AND RECREATION,8,,DEDIC PK/OS--ORD.,N,Y,77410.03561090000,1327.64127864000
Z730RS,Z730RS,CORAL GATE NBHD PARK,NEIGHBORHD PARK,2.89000000,ANELLA RD & SIPES LN,1350F5,SAN YSIDRO,PARK AND RECREATION,8,,UNKNOWN,N,N,130845.74711300000,1459.83561112000
O405RD,O405RD,E CLAIREMONT ATHL AR  432,NEIGHBORHD PARK,8.70200000,MT ACADIA BLVD & MT ABBEY,1248G5,CLAIREMONT MESA,PARK AND RECREATION,6,,DEDIC PK/OS--ORD.,N,Y,379640.57028300001,2732.15067303000
O405RS,O405RS,E CLAIREMONT ATHL AR PKG,NEIGHBORHD PARK,0.89800000,MT ACADIA BLVD/MT ABBEY,1248G5,CLAIREMONT MESA,PARK AND RECREATION,6,,SEE L1203 ENTRIES,N,N,18090.37574550000,805.75863818100
O601RD,O601RD,ALLIED GARDENS P&RC   380,COMMUNITY PARK,3.52000000,GLENROY ST NLY ZION,1250A6,NAVAJO,PARK AND RECREATION,7,,DEDIC PK/OS--ORD.,N,Y,165898.82333399999,1599.30869585000
O602RD,O602RD,ALLIED GARDENS P&RC   380,COMMUNITY PARK,9.82600000,GREENBRIER AV & GLENROY,1250A5,NAVAJO,PARK AND RECREATION,7,,DEDIC PK/OS--ORD.,N,Y,435486.22321400000,2937.17128338000
O605RD,O605RD,GRANTVILLE PARK       382,NEIGHBORHD PARK,2.52500000,VANDEVER AVE & CRAWFORD ST,1249J7,NAVAJO,PARK AND RECREATION,7,,DEDIC PK/OS--ORD.,N,Y,109553.50226300000,1487.97037378000
O417RD,O417RD,LINDA VISTA P&RC      400,COMMUNITY PARK,12.43300000,LEVANT ST & OSLER ST,1248J6,LINDA VISTA,PARK AND RECREATION,6,,DEDIC PK/OS--ORD.,N,Y,553913.27397900005,3318.19852708000
O702RD,O702RD,RHO MISSION CYN PK    383,NEIGHBORHD PARK,18.83700000,MARGERUM AVE & LARCHWOOD AVE,1250C4,NAVAJO,PARK AND RECREATION,7,,DEDIC PK/OS--ORD.,N,Y,827029.04019299999,3880.21496451000
O709RD,O709RD,LAKE MURRAY CMTY PK   370,COMMUNITY PARK,36.79000000,MURRAY PARK DR & ELMCREST,1250E6,NAVAJO,PARK AND RECREATION,7,,DEDIC PK/OS--ORD.,N,Y,1353841.61971000000,7429.54578707000
O709RS,O709RS,LAKE MURRAY CMTY PK,COMMUNITY PARK,9.03600000,MURRAY PK DR SLY CASSELBERRY WY,1250E6,NAVAJO,PARK AND RECREATION,7,,NONE,N,N,387486.69182000001,2814.84287830000
P201R4,P201R4,OCEAN BEACH PARK      540,REGIONAL PARK,37.34400000,BEACH BETW VOLTAIRE & NIAGARA,1267J6,OCEAN BEACH,PARK AND RECREATION,2,,DEDIC PK/OS--ORD.,N,Y,1324458.40824000002,9411.57256707000
P321RD,P321RD,TECOLOTE P&RC         410,COMMUNITY PARK,1.26500000,MORENA BLVD & TECOLOTE RD,1268E2,CLAIREMONT MESA,PARK AND RECREATION,6,,DEDIC PK/OS--ORD.,N,Y,72597.46029210000,2644.27370533000
P201R5,P201R5,PACIFIC BEACH PARK    511,NEIGHBORHD PARK,8.35100000,BEACH BETW GARNET & S. RITA,1247H7,PACIFIC BEACH,PARK AND RECREATION,2,,DEDIC PK/OS--ORD.,N,Y,352831.83793400001,5016.54786775000
P501RS,P501RS,KENSINGTON PARK       601,NEIGHBORHD PARK,0.49600000,ADAMS AVE AT KENSINGTON DR,1269G3,KENSINGTON-TALMADGE,PARK AND RECREATION,3,,UNKNOWN,N,N,19780.68164870000,958.49429209800
P504RD,P504RD,ADAMS AVENUE PARK     600,COMMUNITY PARK,1.46700000,ADAMS AVE & 35TH ST,1269F3,NORMAL HEIGHTS,PARK AND RECREATION,3,,DEDIC PK/OS--ORD.,N,Y,42073.34124100000,853.14924211100
P528RD,P528RD,WEST MTN VIEW PK      600,NEIGHBORHD PARK,0.42000000,N MOUNTAIN VIEW DR WLY 34TH ST,1269F2,NORMAL HEIGHTS,PARK AND RECREATION,3,,DEDIC PK/OS--ORD.,N,Y,18503.98754820000,601.14370993200
P529RS,P529RS,KENMORE TERRACE PARK  600,NEIGHBORHD PARK,0.09000000,KENMORE TER NWLY W MT VW DR,1269E3,NORMAL HEIGHTS,PARK AND RECREATION,3,,NONE,N,N,6542.25513166000,387.05132880500
P701RD,P701RD,MONTEZUMA PARK        614,NEIGHBORHD PARK,1.56000000,CATOCTIN ELY 63RD ST,1270D2,COLLEGE AREA,PARK AND RECREATION,7,,DEDIC PK/OS--ORD.,N,Y,68536.85459240001,1077.33320089000
Q203RD,Q203RD,COLLIER PARK          540,NEIGHBORHD PARK,6.72400000,NIMITZ BLVD & SOTO ST,1268B6,PENINSULA,PARK AND RECREATION,2,,DEDIC PK/OS--ORD.,N,Y,247276.18622199999,3264.31828436000
Q205RD,Q205RD,OCEAN BEACH P&RC      540,COMMUNITY PARK,1.20500000,EBERS ST & SANTA MONICA,1267J6,OCEAN BEACH,PARK AND RECREATION,2,,DEDIC PK/OS--ORD.,N,Y,55978.41546750000,1102.90351117000
Q206RD,Q206RD,"CLEATOR, BILL, PARK   560",COMMUNITY PARK,15.23800000,NIMITZ & SOTO ST,1268B6,PENINSULA,PARK AND RECREATION,2,,DEDIC PK/OS--ORD.,N,Y,728447.05676199996,5236.83440730000
Q401RD,Q401RD,MISSION HILLS PARK    571,NEIGHBORHD PARK,4.30000000,RANDOLPH & WASHINGTON PL,1268H5,UPTOWN,PARK AND RECREATION,2,,DEDIC PK/OS--ORD.,N,Y,216111.95834899999,3595.71649071000
Q503RD,Q503RD,PARK DE LA CRUZ       632,NEIGHBORHD PARK,6.83100000,LANDIS AT 40TH ST SWLY,1269G6,CITY HEIGHTS,PARK AND RECREATION,3,,SEE L1203 ENTRIES,N,Y,295792.96451500000,2217.76144977000
Q505RS,Q505RS,NORTH PARK P&RC       590,COMMUNITY PARK,7.89600000,HOWARD AV & OREGON ST SELY,1269D5,GREATER NORTH PARK,PARK AND RECREATION,3,,SEE L1203 ENTRIES,N,N,364229.41935099999,3928.50869376000
Q518RS,Q518RS,NORMAL HEIGHTS P&RC   600,COMMUNITY PARK,2.74400000,EDNA PL & 39TH ELY,1269G3,NORMAL HEIGHTS,PARK AND RECREATION,3,,SEE L1203 ENTRIES,N,N,114880.33342000000,1357.37414450000
Q602RD,Q602RD,E SD ADULT REC CLB 630,NEIGHBORHD PARK,0.25100000,FAIRMOUNT SLY POLK,1269H5,CITY HEIGHTS,PARK AND RECREATION,3,,DEDIC PK/OS--ORD.,N,Y,10033.07831270000,405.33275418600
Q603RD,Q603RD,COLINA DEL SOL P&RC   610,COMMUNITY PARK,34.11600000,ORANGE AVE & 52ND ST,1270A5,CITY HEIGHTS,PARK AND RECREATION,7,,DEDIC PK/OS--ORD.,N,Y,1366511.18767999997,5854.19880954000
Q302RS,Q302RS,EL CAMPO SANTO O-P-P  570,NEIGHBORHD PARK,0.27900000,SAN DIEGO AV & ARISTA,1268F5,OLD TOWN SAN DIEGO,PARK AND RECREATION,2,,SEE L1203 ENTRIES,N,N,12012.55876330000,437.06869728600
Q303RS,Q303RS,PRESIDIO P&RC         570,COMMUNITY PARK,6.51500000,"TAYLOR ST ELY; I-8 SLY",1268E4,OLD TOWN SAN DIEGO,PARK AND RECREATION,2,,SEE L1203 ENTRIES,N,N,321414.13529800001,5466.45047218000
Q334RD,Q334RD,PRESIDIO P & RC      570,COMMUNITY PARK,11.55000000,TAYLOR ST & PRESIDIO DR,1268F4,OLD TOWN SAN DIEGO,PARK AND RECREATION,2,,DEDIC PK/OS--ORD.,N,Y,518166.17643699999,3793.54860516000
Q404RD,Q404RD,MISSION HILLS PARK    571,NEIGHBORHD PARK,6.40000000,RANDOLF ST & WASHINGTON PL SLY,1268H5,UPTOWN,PARK AND RECREATION,2,,DEDIC PK/OS--ORD.,N,Y,278461.04757200001,2102.36352336000
Q503RS,Q503RS,PARK DE LA CRUZ,NEIGHBORHD PARK,1.58700000,LANDIS ST AT 38TH ST,1269G5,CITY HEIGHTS,PARK AND RECREATION,3,,SEE L1203 ENTRIES,N,N,89987.32966880000,2088.77632422000
Q504RD,Q504RD,WABASH PARK O-P-P     632,NEIGHBORHD PARK,0.17000000,UNIVERSITY AVE & WABASH AVE,1269F5,CITY HEIGHTS,PARK AND RECREATION,3,,SEE L1203 ENTRIES,N,Y,5711.37219104000,340.61154215500
Q517RS,Q517RS,39TH ST COMMUNITY PK  600,COMMUNITY PARK,0.67300000,WARD RD & 40TH ST SWLY,1269G3,NORMAL HEIGHTS,PARK AND RECREATION,3,,NONE,N,N,25173.50860040000,1222.50869871000
Q519RS,Q519RS,NORMAL HEIGHTS P&RC   600,COMMUNITY PARK,0.20400000,WARD RD & 39TH ST,1269G3,NORMAL HEIGHTS,PARK AND RECREATION,3,,MULTIPLE,N,N,9959.52405512000,633.34070490100
Q527RS,Q527RS,ONERIA CLUB O-P-P     600,NEIGHBORHD PARK,0.18000000,HAWLEY BL & SCHOOL ST SELY OF,1269F3,NORMAL HEIGHTS,PARK AND RECREATION,3,,SEE L1203 ENTRIES,N,N,8194.99590511000,385.11249013600
Q535RS,Q535RS,NORMAL HEIGHTS P&RC  600,COMMUNITY PARK,0.11800000,WARD RD & 39TH ST,1269H4,NORMAL HEIGHTS,PARK AND RECREATION,3,,NONE,N,N,5311.83565971000,434.57481935200
P403RD,P403RD,MISSION HEIGHTS PARK  401,NEIGHBORHD PARK,11.34000000,ULRIC ST NWLY LINBROOK,1268J2,LINDA VISTA,PARK AND RECREATION,6,,DEDIC PK/OS--ORD.,N,Y,490281.71032600000,3401.64905448000
P525RD,P525RD,OLD TROLLEY BARN PARK 591,NEIGHBORHD PARK,3.07100000,ADAMS AV & CARMELINA DR,1269C3,UPTOWN,PARK AND RECREATION,3,,DEDIC PK/OS--ORD.,N,Y,156241.17257299999,1897.58900859000
P711RD,P711RD,CLAY PARK             615,NEIGHBORHD PARK,0.36700000,SEMINOLE DR & SOLITA AV,1270D3,EASTERN AREAS,PARK AND RECREATION,7,,DEDIC PK/OS--ORD.,N,Y,19342.99861030000,921.33545625600
Q206RS,Q206RS,COLLIER PARK EAST,COMMUNITY PARK,0.03000000,NIMITZ BL & SOTO ST,1268B6,PENINSULA,PARK AND RECREATION,2,,UNKNOWN,N,N,1000.56434724000,135.46857037900
Q303RD,Q303RD,PRESIDIO P&RC         570,COMMUNITY PARK,41.61700000,TAYLOR ST & PRESIDIO DR,1268F4,OLD TOWN SAN DIEGO,PARK AND RECREATION,2,,DEDIC PK/OS--ORD.,N,Y,1798973.93186999997,8575.97953775000
Q304RD,Q304RD,PLUMOSA PARK          562,NEIGHBORHD PARK,1.35000000,CHATSWORTH BLVD AT HYACINTH,1268C6,PENINSULA,PARK AND RECREATION,2,,DEDIC PK/OS--ORD.,N,Y,47741.00640900000,1208.35693046000
Q314RD,Q314RD,PRESIDIO P&RC         570,COMMUNITY PARK,0.89300000,TAYLOR ST & PRESIDIO NLY,1268F4,OLD TOWN SAN DIEGO,PARK AND RECREATION,2,,DEDIC PK/OS--ORD.,N,Y,30141.75091160000,1517.30835480000
Z705R1,Z705R1,UTIL PCL IN SAN YSIDRO PK,NEIGHBORHD PARK,0.14500000,E PARK AV NLY SAN YSIDRO BLV,1350G4,SAN YSIDRO,PARK AND RECREATION,8,,UNKNOWN,W,Y,5523.46776180000,297.85814292500
Z706RS,Z706RS,SAN YSIDRO ATHL AREA  743,NEIGHBORHD PARK,15.61000000,SYCAMORE RD SLY END OF,1350F5,SAN YSIDRO,PARK AND RECREATION,8,,SEE L1203 ENTRIES,W,N,701602.10819099995,3480.05344320000
Z731RS,Z731RS,SAN YSIDRO ATHLETIC FIELD,NEIGHBORHD PARK,0.98000000,CAMINO DE LA PLAZA & SIPES LN,1350F5,SAN YSIDRO,PARK AND RECREATION,8,,NONE,N,N,42667.65063250000,1126.43706477000
O402RD,O402RD,CABRILLO HEIGHTS PARK 393,NEIGHBORHD PARK,13.68000000,KEARNY VILLRD & I-805,1249B4,SERRA MESA,PARK AND RECREATION,6,,DEDIC PK/OS--ORD.,N,Y,600083.49157700001,4345.03711650000
O403RD,O403RD,KEARNY MESA P&RC      430,COMMUNITY PARK,71.23000000,MESA COLLEGE DR & ARMSTRONG ST,1248J5,LINDA VISTA,PARK AND RECREATION,6,,DEDIC PK/OS--ORD.,N,Y,3041047.07568999985,7855.33670648000
O406RD,O406RD,MURRAY RIDGE PARK     392,NEIGHBORHD PARK,11.08600000,MISSION CTR RD & MURRAYRIDGE,1249C7,SERRA MESA,PARK AND RECREATION,6,,DEDIC PK/OS--ORD.,N,Y,465877.08633700002,3278.45088471000
O411RD,O411RD,LINDA VISTA P&RC      400,COMMUNITY PARK,3.46000000,GENESEE AV SLY PARK MESA WY,1248J6,LINDA VISTA,PARK AND RECREATION,6,,DEDIC PK/OS--ORD.,N,Y,137859.01706700001,1725.78002187000
O603RD,O603RD,PRINCESS DEL CERRO PK 381,NEIGHBORHD PARK,5.48000000,WENRICH DR SLY ELDERGARDENS ST,1250C6,NAVAJO,PARK AND RECREATION,7,,DEDIC PK/OS--ORD.,N,Y,237490.12653099999,2026.67962787000
